{
  "version": 1,
  "author": "faldiarsyahIrfanka",
  "editor": "wokwi",
  "parts": [
    { "type": "wokwi-arduino-uno", "id": "uno", "top": -9, "left": -221.4, "attrs": {} },
    { "type": "wokwi-breadboard", "id": "breadboard", "top": -12.6, "left": 89.2, "attrs": {} },
    {
      "type": "wokwi-led",
      "id": "led1",
      "top": 82.8,
      "left": 311,
      "attrs": { "color": "limegreen" }
    },
    {
      "type": "wokwi-led",
      "id": "led2",
      "top": 82.8,
      "left": 234.2,
      "attrs": { "color": "yellow" }
    },
    { "type": "wokwi-led", "id": "led3", "top": 82.8, "left": 157.4, "attrs": {} },
    {
      "type": "wokwi-resistor",
      "id": "resistor1",
      "top": 128.75,
      "left": 278.4,
      "attrs": { "value": "1000" }
    },
    {
      "type": "wokwi-resistor",
      "id": "resistor2",
      "top": 128.75,
      "left": 201.6,
      "attrs": { "value": "1000" }
    },
    {
      "type": "wokwi-resistor",
      "id": "resistor3",
      "top": 128.75,
      "left": 124.8,
      "attrs": { "value": "1000" }
    }
  ],
  "connections": [
    [ "resistor3:1", "breadboard:2b.i", "", [ "$bb" ] ],
    [ "resistor3:2", "breadboard:8b.i", "", [ "$bb" ] ],
    [ "resistor2:1", "breadboard:10b.i", "", [ "$bb" ] ],
    [ "resistor2:2", "breadboard:16b.i", "", [ "$bb" ] ],
    [ "resistor1:1", "breadboard:18b.i", "", [ "$bb" ] ],
    [ "resistor1:2", "breadboard:24b.i", "", [ "$bb" ] ],
    [ "resistor3:1", "uno:8", "red", [ "v-172.8", "h-163.2", "v28.8" ] ],
    [ "led2:A", "breadboard:16b.h", "", [ "$bb" ] ],
    [ "led2:C", "breadboard:15b.h", "", [ "$bb" ] ],
    [ "resistor2:1", "uno:9", "yellow", [ "v-192", "h-249.6" ] ],
    [ "resistor1:1", "uno:10", "green", [ "v-211.2", "h-336" ] ],
    [ "led1:A", "breadboard:24b.h", "", [ "$bb" ] ],
    [ "led1:C", "breadboard:23b.h", "", [ "$bb" ] ],
    [ "breadboard:bp.1", "uno:GND.3", "black", [ "v47.1", "h-173.6" ] ],
    [ "breadboard:7b.j", "breadboard:bp.5", "black", [ "v0" ] ],
    [ "breadboard:15b.j", "breadboard:bp.11", "black", [ "v0" ] ],
    [ "breadboard:23b.j", "breadboard:bp.18", "black", [ "v0" ] ],
    [ "led3:A", "breadboard:8b.h", "", [ "$bb" ] ],
    [ "led3:C", "breadboard:7b.h", "", [ "$bb" ] ]
  ],
  "dependencies": {}
}